"calendar year","6-monthly","cause of injury = traffic","count of cases excluding died in hospitals within 30 days","bed days excluding died in hospitals within 30 days"
"2011","Jan-Jun","Traffic",5223,26089
"2011","Jan-Jun","Traffic",4585,16699
"2011","Jan-Jun","Traffic",3017,13967
"2011","Jan-Jun","Traffic",1724,9384
"2011","Jan-Jun","Traffic",1147,6446
"2011","Jan-Jun","Traffic",247,1360
"2011","Jan-Jun","Traffic",283,1462
"2011","Jan-Jun","Traffic",213,1812
"2011","Jul-Dec","Traffic",5395,24255
"2011","Jul-Dec","Traffic",4741,17225
"2011","Jul-Dec","Traffic",3305,14566
"2011","Jul-Dec","Traffic",1718,9101
"2011","Jul-Dec","Traffic",1212,5586
"2011","Jul-Dec","Traffic",246,1746
"2011","Jul-Dec","Traffic",254,1114
"2011","Jul-Dec","Traffic",243,1198
"2012","Jan-Jun","Traffic",5430,23685
"2012","Jan-Jun","Traffic",4669,16007
"2012","Jan-Jun","Traffic",3166,14316
"2012","Jan-Jun","Traffic",1692,8820
"2012","Jan-Jun","Traffic",1107,6097
"2012","Jan-Jun","Traffic",271,1698
"2012","Jan-Jun","Traffic",313,1281
"2012","Jan-Jun","Traffic",215,1296
"2012","Jul-Dec","Traffic",5691,26273
"2012","Jul-Dec","Traffic",3429,14238
"2012","Jul-Dec","Traffic",3647,16098
"2012","Jul-Dec","Traffic",1801,9079
"2012","Jul-Dec","Traffic",1204,6336
"2012","Jul-Dec","Traffic",265,1150
"2012","Jul-Dec","Traffic",288,985
"2012","Jul-Dec","Traffic",281,1659
"2013","Jan-Jun","Traffic",5468,22885
"2013","Jan-Jun","Traffic",3898,15316
"2013","Jan-Jun","Traffic",3719,14091
"2013","Jan-Jun","Traffic",1802,8477
"2013","Jan-Jun","Traffic",1063,5711
"2013","Jan-Jun","Traffic",278,1384
"2013","Jan-Jun","Traffic",308,1521
"2013","Jan-Jun","Traffic",258,1694
"2013","Jul-Dec","Traffic",5953,24154
"2013","Jul-Dec","Traffic",3886,13750
"2013","Jul-Dec","Traffic",4102,14928
"2013","Jul-Dec","Traffic",1673,8749
"2013","Jul-Dec","Traffic",1158,5860
"2013","Jul-Dec","Traffic",292,1507
"2013","Jul-Dec","Traffic",265,996
"2013","Jul-Dec","Traffic",303,1967
"2014","Jan-Jun","Traffic",5622,23299
"2014","Jan-Jun","Traffic",4237,15278
"2014","Jan-Jun","Traffic",3743,14017
"2014","Jan-Jun","Traffic",1609,8045
"2014","Jan-Jun","Traffic",1225,5380
"2014","Jan-Jun","Traffic",333,1537
"2014","Jan-Jun","Traffic",278,1020
"2014","Jan-Jun","Traffic",289,1512
"2014","Jul-Dec","Traffic",5691,22741
"2014","Jul-Dec","Traffic",4286,13747
"2014","Jul-Dec","Traffic",3982,14999
"2014","Jul-Dec","Traffic",1545,8544
"2014","Jul-Dec","Traffic",1156,5816
"2014","Jul-Dec","Traffic",313,1332
"2014","Jul-Dec","Traffic",264,1006
"2014","Jul-Dec","Traffic",286,1455
"2015","Jan-Jun","Traffic",5621,21591
"2015","Jan-Jun","Traffic",4532,14915
"2015","Jan-Jun","Traffic",4082,13509
"2015","Jan-Jun","Traffic",1587,8444
"2015","Jan-Jun","Traffic",1180,5232
"2015","Jan-Jun","Traffic",345,1703
"2015","Jan-Jun","Traffic",336,1301
"2015","Jan-Jun","Traffic",323,1401
"2015","Jul-Dec","Traffic",5463,32740
"2015","Jul-Dec","Traffic",4666,35157
"2015","Jul-Dec","Traffic",4224,20761
"2015","Jul-Dec","Traffic",1596,10001
"2015","Jul-Dec","Traffic",1287,5935
"2015","Jul-Dec","Traffic",332,1740
"2015","Jul-Dec","Traffic",364,1595
"2015","Jul-Dec","Traffic",368,2060
"2016","Jan-Jun","Traffic",5776,30313
"2016","Jan-Jun","Traffic",5200,32950
"2016","Jan-Jun","Traffic",4268,19274
"2016","Jan-Jun","Traffic",1508,10764
"2016","Jan-Jun","Traffic",1370,7163
"2016","Jan-Jun","Traffic",330,1907
"2016","Jan-Jun","Traffic",335,1422
"2016","Jan-Jun","Traffic",311,1501
"2016","Jul-Dec","Traffic",5698,30036
"2016","Jul-Dec","Traffic",5160,34828
"2016","Jul-Dec","Traffic",4434,20543
"2016","Jul-Dec","Traffic",1523,11138
"2016","Jul-Dec","Traffic",1284,6032
"2016","Jul-Dec","Traffic",327,2057
"2016","Jul-Dec","Traffic",319,1250
"2016","Jul-Dec","Traffic",398,2292
"2017","Jan-Jun","Traffic",5600,28357
"2017","Jan-Jun","Traffic",5448,32919
"2017","Jan-Jun","Traffic",4420,19742
"2017","Jan-Jun","Traffic",1616,10153
"2017","Jan-Jun","Traffic",1313,6926
"2017","Jan-Jun","Traffic",338,1970
"2017","Jan-Jun","Traffic",337,1174
"2017","Jan-Jun","Traffic",296,1667
"2017","Jul-Dec","Traffic",5416,31157
"2017","Jul-Dec","Traffic",5346,31135
"2017","Jul-Dec","Traffic",4714,20122
"2017","Jul-Dec","Traffic",1579,9007
"2017","Jul-Dec","Traffic",1081,6853
"2017","Jul-Dec","Traffic",321,2340
"2017","Jul-Dec","Traffic",295,1435
"2017","Jul-Dec","Traffic",407,2330
"2018","Jan-Jun","Traffic",4917,27648
"2018","Jan-Jun","Traffic",5901,32331
"2018","Jan-Jun","Traffic",4547,19875
"2018","Jan-Jun","Traffic",1639,7927
"2018","Jan-Jun","Traffic",1216,6487
"2018","Jan-Jun","Traffic",372,1851
"2018","Jan-Jun","Traffic",368,1245
"2018","Jan-Jun","Traffic",412,2182
"2018","Jul-Dec","Traffic",4877,31876
"2018","Jul-Dec","Traffic",5552,31513
"2018","Jul-Dec","Traffic",4834,18964
"2018","Jul-Dec","Traffic",1635,7153
"2018","Jul-Dec","Traffic",1273,6171
"2018","Jul-Dec","Traffic",409,2825
"2018","Jul-Dec","Traffic",344,1739
"2018","Jul-Dec","Traffic",420,3096
"2019","Jan-Jun","Traffic",4989,32069
"2019","Jan-Jun","Traffic",5903,30669
"2019","Jan-Jun","Traffic",4643,19162
"2019","Jan-Jun","Traffic",1679,8502
"2019","Jan-Jun","Traffic",1221,5222
"2019","Jan-Jun","Traffic",388,2581
"2019","Jan-Jun","Traffic",362,1371
"2019","Jan-Jun","Traffic",320,1730
"2019","Jul-Dec","Traffic",4953,30929
"2019","Jul-Dec","Traffic",5489,30340
"2019","Jul-Dec","Traffic",4872,21027
"2019","Jul-Dec","Traffic",1855,9320
"2019","Jul-Dec","Traffic",1236,5581
"2019","Jul-Dec","Traffic",320,1499
"2019","Jul-Dec","Traffic",303,1433
"2019","Jul-Dec","Traffic",336,2079
"2020","Jan-Jun","Traffic",4191,25906
"2020","Jan-Jun","Traffic",5030,27014
"2020","Jan-Jun","Traffic",4287,17468
"2020","Jan-Jun","Traffic",1704,9141
"2020","Jan-Jun","Traffic",1171,6096
"2020","Jan-Jun","Traffic",328,1373
"2020","Jan-Jun","Traffic",286,1454
"2020","Jan-Jun","Traffic",322,1482
"2020","Jul-Dec","Traffic",5083,32465
"2020","Jul-Dec","Traffic",4854,20923
"2020","Jul-Dec","Traffic",5514,20382
"2020","Jul-Dec","Traffic",1932,9647
"2020","Jul-Dec","Traffic",1332,6084
"2020","Jul-Dec","Traffic",450,2109
"2020","Jul-Dec","Traffic",343,1083
"2020","Jul-Dec","Traffic",465,1985
"2021","Jan-Jun","Traffic",5005,31124
"2021","Jan-Jun","Traffic",5921,29551
"2021","Jan-Jun","Traffic",5127,20810
"2021","Jan-Jun","Traffic",1800,10554
"2021","Jan-Jun","Traffic",1337,6058
"2021","Jan-Jun","Traffic",422,2842
"2021","Jan-Jun","Traffic",441,1636
"2021","Jan-Jun","Traffic",348,1620
"2021","Jul-Dec","Traffic",3998,23974
"2021","Jul-Dec","Traffic",5209,25148
"2021","Jul-Dec","Traffic",5320,20079
"2021","Jul-Dec","Traffic",1768,11734
"2021","Jul-Dec","Traffic",1295,5794
"2021","Jul-Dec","Traffic",383,2018
"2021","Jul-Dec","Traffic",299,1103
"2021","Jul-Dec","Traffic",362,2453
